quality,fixed_acidity,volatile_acidity,citric_acid,residual_sugar,chlorides,free_sulfur_dioxide,total_sulfur_dioxide,density,pH,sulphates,alcohol
3,8.444444444444445,0.8072222222222222,0.19,2.6944444444444446,0.12088888888888889,11.666666666666666,26.666666666666668,0.9977644444444445,3.3866666666666667,0.5888888888888889,9.85
4,7.653846153846154,0.6748717948717948,0.18717948717948718,2.8230769230769233,0.09584615384615384,11.820512820512821,36.38461538461539,0.9965917948717948,3.3866666666666667,0.6153846153846154,10.333333333333334
5,8.150392156862745,0.5789803921568627,0.24405882352941177,2.5339215686274508,0.0939921568627451,17.08627450980392,56.3421568627451,0.9971437843137255,3.3050392156862745,0.6278431372549019,9.880196078431373
6,8.410878661087866,0.49518828451882846,0.2752092050209205,2.4514644351464434,0.08390376569037657,15.854602510460252,41.37029288702929,0.9966473640167364,3.313430962343096,0.6771966527196652,10.608542538354254
7,8.850993377483444,0.3912913907284768,0.3796688741721854,2.709933774834437,0.07459602649006622,13.493377483443709,34.152317880794705,0.9960086092715231,3.282251655629139,0.7486092715231788,11.48355408388521
8,7.709090909090909,0.42636363636363633,0.3336363636363637,2.5454545454545454,0.067,15.727272727272727,40.72727272727273,0.9942845454545455,3.3190909090909093,0.7709090909090909,12.481818181818182
