.metric,.estimator,.estimate
rmse,standard,0.6683570175515635
rsq,standard,0.3212801304506055
mae,standard,0.523057038765447
