.metric,.estimator,.estimate
rmse,standard,0.6683570175515564
rsq,standard,0.3212801304506066
mae,standard,0.5230570387654584
